{
  "info" : {
    "version" : 1,
    "author" : "xcode"
  },
  "colors" : [
    {
      "idiom" : "universal",
      "color" : {
        "color-space" : "srgb",
        "components" : {
          "red" : "0",
          "alpha" : "1.000",
          "blue" : "145",
          "green" : "190"
        }
      }
    },
    {
      "idiom" : "universal",
      "appearances" : [
        {
          "appearance" : "luminosity",
          "value" : "light"
        }
      ],
      "color" : {
        "color-space" : "srgb",
        "components" : {
          "red" : "0.000",
          "alpha" : "1.000",
          "blue" : "0.569",
          "green" : "0.745"
        }
      }
    },
    {
      "idiom" : "universal",
      "appearances" : [
        {
          "appearance" : "luminosity",
          "value" : "dark"
        }
      ],
      "color" : {
        "color-space" : "srgb",
        "components" : {
          "red" : "0.000",
          "alpha" : "1.000",
          "blue" : "0.569",
          "green" : "0.745"
        }
      }
    }
  ]
}