{
  "images" : [
    {
      "idiom" : "universal",
      "filename" : "icon_date-1.png",
      "scale" : "1x"
    },
    {
      "idiom" : "universal",
      "filename" : "icon_date-2.png",
      "appearances" : [
        {
          "appearance" : "luminosity",
          "value" : "light"
        }
      ],
      "scale" : "1x"
    },
    {
      "idiom" : "universal",
      "filename" : "icon_date.png",
      "appearances" : [
        {
          "appearance" : "luminosity",
          "value" : "dark"
        }
      ],
      "scale" : "1x"
    },
    {
      "idiom" : "universal",
      "filename" : "icon_date@2x-1.png",
      "scale" : "2x"
    },
    {
      "idiom" : "universal",
      "filename" : "icon_date@2x-2.png",
      "appearances" : [
        {
          "appearance" : "luminosity",
          "value" : "light"
        }
      ],
      "scale" : "2x"
    },
    {
      "idiom" : "universal",
      "filename" : "icon_date@2x.png",
      "appearances" : [
        {
          "appearance" : "luminosity",
          "value" : "dark"
        }
      ],
      "scale" : "2x"
    },
    {
      "idiom" : "universal",
      "filename" : "icon_date@3x-1.png",
      "scale" : "3x"
    },
    {
      "idiom" : "universal",
      "filename" : "icon_date@3x-2.png",
      "appearances" : [
        {
          "appearance" : "luminosity",
          "value" : "light"
        }
      ],
      "scale" : "3x"
    },
    {
      "idiom" : "universal",
      "filename" : "icon_date@3x.png",
      "appearances" : [
        {
          "appearance" : "luminosity",
          "value" : "dark"
        }
      ],
      "scale" : "3x"
    }
  ],
  "info" : {
    "version" : 1,
    "author" : "xcode"
  }
}